filename,status
2.dat,HTTP_404
2032c.dat,OK
a18.dat,OK
a18sm.dat,OK
a63a108c.dat,OK
ag03.dat,OK
ag04.dat,OK
ag08.dat,OK
ag09.dat,OK
ag10.dat,OK
ag11.dat,OK
ag12.dat,OK
ag13.dat,OK
ag14.dat,OK
ag16.dat,OK
ag17.dat,OK
ag18.dat,OK
ag19.dat,OK
ag23.dat,OK
ag24.dat,OK
ag25.dat,OK
ag26.dat,OK
ag27.dat,OK
ag35.dat,OK
ag36.dat,OK
ag37.dat,OK
ag38.dat,OK
ag44ct02r.dat,OK
ag455ct02r.dat,OK
ag45c03.dat,OK
ag45ct02r.dat,OK
ag46c03.dat,OK
ag46ct02r.dat,OK
ag47c03.dat,OK
ag47ct02r.dat,OK
ag52.dat,OK
ag53.dat,OK
ag54.dat,OK
ag55.dat,OK
ah21-7.dat,OK
ah21-9.dat,OK
ah63k127.dat,OK
ah6407.dat,OK
ah7476.dat,OK
ah79100a.dat,OK
ah79100b.dat,OK
ah79100c.dat,OK
ah79k132.dat,OK
ah79k135.dat,OK
ah79k143.dat,OK
ah80129.dat,OK
ah80136.dat,OK
ah80140.dat,OK
ah81131.dat,OK
ah81k144.dat,OK
ah81k144wfKlappe.dat,OK
ah82150a.dat,OK
ah82150f.dat,OK
ah83150q.dat,OK
ah83159.dat,OK
ah85l120.dat,OK
ah88k130.dat,OK
ah88k136.dat,OK
ah93156.dat,OK
ah93157.dat,OK
ah93k130.dat,OK
ah93k131.dat,OK
ah93k132.dat,OK
ah93w145.dat,OK
ah93w174.dat,OK
ah93w215.dat,OK
ah93w257.dat,OK
ah93w300.dat,OK
ah93w480b.dat,OK
ah94145.dat,OK
ah94156.dat,OK
ah94w301.dat,OK
ah95160.dat,OK
ames01.dat,OK
ames02.dat,OK
ames03.dat,OK
amsoil1.dat,OK
amsoil2.dat,OK
apex16.dat,OK
aquilasm.dat,OK
arad10.dat,OK
arad13.dat,OK
arad20.dat,OK
arad6.dat,OK
as5045.dat,OK
as5046.dat,OK
as5048.dat,OK
atr72sm.dat,OK
august160.dat,OK
avistar.dat,OK
b29root.dat,OK
b29tip.dat,OK
b540ols.dat,OK
b707a.dat,OK
b707b.dat,OK
b707c.dat,OK
b707d.dat,OK
b707e.dat,OK
b737a.dat,OK
b737b.dat,OK
b737c.dat,OK
b737d.dat,OK
bacj.dat,OK
bacnlf.dat,OK
bacxxx.dat,OK
bambino6.dat,OK
be50.dat,OK
be50sm.dat,OK
boe103.dat,OK
boe106.dat,OK
bqm34.dat,OK
bw050209.dat,OK
bw3.dat,OK
c141a.dat,OK
c141b.dat,OK
c141c.dat,OK
c141d.dat,OK
c141e.dat,OK
c141f.dat,OK
c5a.dat,OK
c5b.dat,OK
c5c.dat,OK
c5d.dat,OK
c5e.dat,OK
cap21c.dat,OK
cast102.dat,OK
ch10sm.dat,OK
chen.dat,OK
clarkk.dat,OK
clarkv.dat,OK
clarkw.dat,OK
clarkx.dat,OK
clarky.dat,OK
clarkyh.dat,OK
clarkys.dat,OK
clarkysm.dat,OK
clarkz.dat,OK
clarym15.dat,OK
clarym18.dat,OK
coanda1.dat,OK
coanda2.dat,OK
coanda3.dat,OK
cootie.dat,OK
cr001sm.dat,OK
cr1.dat,OK
curtisc72.dat,OK
dae11.dat,OK
dae21.dat,OK
dae31.dat,OK
dae41.dat,OK
dae51.dat,OK
dai1238.dat,OK
dai1335.dat,OK
dai1336.dat,OK
davis.dat,OK
davis_corrected.dat,OK
davissm.dat,OK
daytonwright6.dat,OK
daytonwrightt1.dat,OK
dbln526.dat,OK
defcnd1.dat,OK
defcnd2.dat,OK
defcnd3.dat,OK
df101.dat,OK
df102.dat,OK
dfvlrr4.dat,OK
dga1138.dat,OK
dga1182.dat,OK
dh4009sm.dat,OK
doa5.dat,OK
dormoy.dat,OK
drgnfly.dat,OK
dsma523a.dat,OK
dsma523b.dat,OK
du84132v.dat,OK
du8608418.dat,OK
du861372.dat,OK
e1098.dat,OK
e1200.dat,OK
e1210.dat,OK
e1211.dat,OK
e1212.dat,OK
e1212mod.dat,OK
e1213.dat,OK
e1214.dat,OK
e1230.dat,OK
e1233.dat,OK
e168.dat,OK
e169.dat,OK
e171.dat,OK
e174.dat,OK
e176.dat,OK
e178.dat,OK
e180.dat,OK
e182.dat,OK
e184.dat,OK
e186.dat,OK
e193.dat,OK
e195.dat,OK
e197.dat,OK
e201.dat,OK
e203.dat,OK
e205.dat,OK
e207.dat,OK
e209.dat,OK
e210.dat,OK
e211.dat,OK
e212.dat,OK
e214.dat,OK
e216.dat,OK
e220.dat,OK
e221.dat,OK
e222.dat,OK
e224.dat,OK
e226.dat,OK
e228.dat,OK
e230.dat,OK
e231.dat,OK
e266.dat,OK
e297.dat,OK
e325.dat,OK
e326.dat,OK
e327.dat,OK
e328.dat,OK
e329.dat,OK
e330.dat,OK
e331.dat,OK
e332.dat,OK
e333.dat,OK
e334.dat,OK
e335.dat,OK
e336.dat,OK
e337.dat,OK
e338.dat,OK
e339.dat,OK
e340.dat,OK
e341.dat,OK
e342.dat,OK
e343.dat,OK
e344.dat,OK
e360.dat,OK
e361.dat,OK
e374.dat,OK
e376.dat,OK
e377.dat,OK
e377m.dat,OK
e378.dat,OK
e379.dat,OK
e385.dat,OK
e387.dat,OK
e392.dat,OK
e393.dat,OK
e395.dat,OK
e396.dat,OK
e397.dat,OK
e398.dat,OK
e399.dat,OK
e403.dat,OK
e407.dat,OK
e417.dat,OK
e420.dat,OK
e421.dat,OK
e422.dat,OK
e423.dat,OK
e426.dat,OK
e428.dat,OK
e431.dat,OK
e432.dat,OK
e433.dat,OK
e434.dat,OK
e435.dat,OK
e471.dat,OK
e472.dat,OK
e473.dat,OK
e474.dat,OK
e475.dat,OK
e479.dat,OK
e485.dat,OK
e49.dat,OK
e502.dat,OK
e520.dat,OK
e521.dat,OK
e540.dat,OK
e541.dat,OK
e542.dat,OK
e543.dat,OK
e544.dat,OK
e545.dat,OK
e546.dat,OK
e547.dat,OK
e548.dat,OK
e549.dat,OK
e550.dat,OK
e551.dat,OK
e552.dat,OK
e553.dat,OK
e554.dat,OK
e555.dat,OK
e556.dat,OK
e557.dat,OK
e558.dat,OK
e559.dat,OK
e560.dat,OK
e561.dat,OK
e562.dat,OK
e58.dat,OK
e580.dat,OK
e582.dat,OK
e583.dat,OK
e584.dat,OK
e585.dat,OK
e587.dat,OK
e59.dat,OK
e591.dat,OK
e593.dat,OK
e598.dat,OK
e603.dat,OK
e604.dat,OK
e61.dat,OK
e62.dat,OK
e625.dat,OK
e63.dat,OK
e635.dat,OK
e636.dat,OK
e637.dat,OK
e638.dat,OK
e639.dat,OK
e64.dat,OK
e642.dat,OK
e654.dat,OK
e655.dat,OK
e656.dat,OK
e657.dat,OK
e66.dat,OK
e662.dat,OK
e664.dat,OK
e664ex.dat,OK
e668.dat,OK
e67.dat,OK
e678.dat,OK
e68.dat,OK
e682.dat,OK
e694.dat,OK
e71.dat,OK
e715.dat,OK
e748.dat,OK
e793.dat,OK
e817.dat,OK
e818.dat,OK
e836.dat,OK
e837.dat,OK
e838.dat,OK
e850.dat,OK
e851.dat,OK
e852.dat,OK
e853.dat,OK
e854.dat,OK
e855.dat,OK
e856.dat,OK
e857.dat,OK
e858.dat,OK
e862.dat,OK
e863.dat,OK
e864.dat,OK
e874.dat,OK
e904.dat,OK
e908.dat,OK
ea61009.dat,OK
ea61012.dat,OK
ea81006.dat,OK
ebambino7.dat,OK
ec863914.dat,OK
eh0009.dat,OK
eh1070.dat,OK
eh1090.dat,OK
eh1590.dat,OK
eh2010.dat,OK
eh2012.dat,OK
eh2070.dat,OK
eh2510.dat,OK
eh3012.dat,OK
eiffel10.dat,OK
eiffel371.dat,OK
eiffel385.dat,OK
eiffel428.dat,OK
eiffel430.dat,OK
esa40.dat,OK
falcon.dat,OK
fauvel.dat,OK
fg1.dat,OK
fg2.dat,OK
fg3.dat,OK
fg4.dat,OK
fx049915.dat,OK
fx05188.dat,OK
fx05191.dat,OK
fx057816.dat,OK
fx05h126.dat,OK
fx082512.dat,OK
fx08s176.dat,OK
fx2.dat,OK
fx3.dat,OK
fx38153.dat,OK
fx60100.dat,OK
fx601001.dat,OK
fx60100sm.dat,OK
fx60126.dat,OK
fx601261.dat,OK
fx60157.dat,OK
fx60160.dat,OK
fx60177.dat,OK
fx61140.dat,OK
fx61147.dat,OK
fx61163.dat,OK
fx61168.dat,OK
fx61184.dat,OK
fx62k131.dat,OK
fx62k153.dat,OK
fx63100.dat,OK
fx63110.dat,OK
fx63120.dat,OK
fx63137.dat,OK
fx63137sm.dat,OK
fx63143.dat,OK
fx63145.dat,OK
fx63147.dat,OK
fx63158.dat,OK
fx6617a2.dat,OK
fx6617ai.dat,OK
fx66182.dat,OK
fx66196v.dat,OK
fx66a175.dat,OK
fx66h60.dat,OK
fx66h80.dat,OK
fx66s161.dat,OK
fx66s171.dat,OK
fx66s196.dat,OK
fx67k150.dat,OK
fx67k170.dat,OK
fx68h120.dat,OK
fx69274.dat,OK
fx69h083.dat,OK
fx69h098.dat,OK
fx69pr281.dat,OK
fx71089a.dat,OK
fx71120.dat,OK
fx711520.dat,OK
fx711525.dat,OK
fx711530.dat,OK
fx71l150.dat,OK
fx72150a.dat,OK
fx72150b.dat,OK
fx72ls160.dat,OK
fx73170.dat,OK
fx73170a.dat,OK
fx73cl1152.dat,OK
fx73cl2152.dat,OK
fx73cl3152.dat,OK
fx73k170.dat,OK
fx74080.dat,OK
fx74130wp1.dat,OK
fx74130wp2.dat,OK
fx74130wp2mod.dat,OK
fx74cl5140.dat,OK
fx74cl6140.dat,OK
fx74modsm.dat,OK
fx75141.dat,OK
fx75193.dat,OK
fx75vg166.dat,OK
fx76100.dat,OK
fx76120.dat,OK
fx76mp120.dat,OK
fx76mp140.dat,OK
fx76mp160.dat,OK
fx77080.dat,OK
fx77w121.dat,OK
fx77w153.dat,OK
fx77w258.dat,OK
fx77w270.dat,OK
fx77w270s.dat,OK
fx77w343.dat,OK
fx78k140.dat,OK
fx78k140a20.dat,OK
fx78k150.dat,OK
fx78k161.dat,OK
fx78pk188.dat,OK
fx79k144.dat,OK
fx79l100.dat,OK
fx79l120.dat,OK
fx79w151a.dat,OK
fx79w470a.dat,OK
fx79w660a.dat,OK
fx80080.dat,OK
fx83w108.dat,OK
fx83w160.dat,OK
fx83w227.dat,OK
fx84w097.dat,OK
fx84w127.dat,OK
fx84w140.dat,OK
fx84w150.dat,OK
fx84w175.dat,OK
fx84w218.dat,OK
fxl142k.dat,OK
fxlv152.dat,OK
fxm2.dat,OK
fxs02196.dat,OK
fxs03182.dat,OK
fxs21158.dat,OK
geminism.dat,OK
giiia.dat,OK
giiib.dat,OK
giiic.dat,OK
giiid.dat,OK
giiie.dat,OK
giiif.dat,OK
giiig.dat,OK
giiih.dat,OK
giiii.dat,OK
giiij.dat,OK
giiik.dat,OK
giiil.dat,OK
giiim.dat,OK
giiin.dat,OK
glennmartin2.dat,OK
glennmartin3.dat,OK
glennmartin4.dat,OK
gm15sm.dat,OK
goe05k.dat,OK
goe06k.dat,OK
goe07k.dat,OK
goe08k.dat,OK
goe09k.dat,OK
goe100.dat,OK
goe101.dat,OK
goe10k.dat,OK
goe113.dat,OK
goe114.dat,OK
goe115.dat,OK
goe116.dat,OK
goe117.dat,OK
goe118.dat,OK
goe11k.dat,OK
goe121.dat,OK
goe122.dat,OK
goe123.dat,OK
goe124.dat,OK
goe12k.dat,OK
goe133.dat,OK
goe134.dat,OK
goe137.dat,OK
goe13k.dat,OK
goe14.dat,OK
goe140.dat,OK
goe142.dat,OK
goe143.dat,OK
goe144.dat,OK
goe147.dat,OK
goe14k.dat,OK
goe15.dat,OK
goe155.dat,OK
goe15k.dat,OK
goe164.dat,OK
goe165.dat,OK
goe167.dat,OK
goe16k.dat,OK
goe173.dat,OK
goe174.dat,OK
goe176.dat,OK
goe177.dat,OK
goe178.dat,OK
goe180.dat,OK
goe182.dat,OK
goe184.dat,OK
goe187.dat,OK
goe188.dat,OK
goe190.dat,OK
goe195.dat,OK
goe198.dat,OK
goe199.dat,OK
goe207.dat,OK
goe210.dat,OK
goe217.dat,OK
goe222.dat,OK
goe223.dat,OK
goe225.dat,OK
goe226.dat,OK
goe227.dat,OK
goe228.dat,OK
goe229.dat,OK
goe233.dat,OK
goe234.dat,OK
goe235.dat,OK
goe238.dat,OK
goe239.dat,OK
goe240.dat,OK
goe241.dat,OK
goe242.dat,OK
goe243.dat,OK
goe244.dat,OK
goe255.dat,OK
goe256.dat,OK
goe257.dat,OK
goe264.dat,OK
goe265.dat,OK
goe269.dat,OK
goe274.dat,OK
goe275.dat,OK
goe276.dat,OK
goe277.dat,OK
goe278.dat,OK
goe279.dat,OK
goe280.dat,OK
goe281.dat,OK
goe282.dat,OK
goe284.dat,OK
goe285.dat,OK
goe286.dat,OK
goe287.dat,OK
goe288.dat,OK
goe289.dat,OK
goe290.dat,OK
goe298.dat,OK
goe29b.dat,OK
goe300.dat,OK
goe301.dat,OK
goe303.dat,OK
goe304.dat,OK
goe308.dat,OK
goe309.dat,OK
goe310.dat,OK
goe311.dat,OK
goe314.dat,OK
goe315.dat,OK
goe316.dat,OK
goe318.dat,OK
goe319.dat,OK
goe320.dat,OK
goe321.dat,OK
goe322.dat,OK
goe323.dat,OK
goe324.dat,OK
goe325.dat,OK
goe326.dat,OK
goe328.dat,OK
goe329.dat,OK
goe330.dat,OK
goe331.dat,OK
goe332.dat,OK
goe335.dat,OK
goe336.dat,OK
goe342.dat,OK
goe344.dat,OK
goe346.dat,OK
goe358.dat,OK
goe359.dat,OK
goe360.dat,OK
goe361.dat,OK
goe362.dat,OK
goe363.dat,OK
goe364.dat,OK
goe365.dat,OK
goe366.dat,OK
goe367.dat,OK
goe368.dat,OK
goe369.dat,OK
goe370.dat,OK
goe371.dat,OK
goe372.dat,OK
goe373.dat,OK
goe374.dat,OK
goe375.dat,OK
goe376.dat,OK
goe377.dat,OK
goe379.dat,OK
goe380.dat,OK
goe381.dat,OK
goe382.dat,OK
goe383.dat,OK
goe384.dat,OK
goe385.dat,OK
goe386.dat,OK
goe387.dat,OK
goe388.dat,OK
goe389.dat,OK
goe390.dat,OK
goe391.dat,OK
goe392.dat,OK
goe393.dat,OK
goe394.dat,OK
goe395.dat,OK
goe396.dat,OK
goe397.dat,OK
goe398.dat,OK
goe399.dat,OK
goe400.dat,OK
goe401.dat,OK
goe402.dat,OK
goe403.dat,OK
goe404.dat,OK
goe405.dat,OK
goe406.dat,OK
goe407.dat,OK
goe408.dat,OK
goe409.dat,OK
goe410.dat,OK
goe411.dat,OK
goe412.dat,OK
goe413.dat,OK
goe414.dat,OK
goe415.dat,OK
goe416a.dat,OK
goe417.dat,OK
goe417a.dat,OK
goe418.dat,OK
goe419.dat,OK
goe420.dat,OK
goe421.dat,OK
goe422.dat,OK
goe423.dat,OK
goe424.dat,OK
goe425.dat,OK
goe426.dat,OK
goe427.dat,OK
goe428.dat,OK
goe429.dat,OK
goe430.dat,OK
goe431.dat,OK
goe432.dat,OK
goe433.dat,OK
goe434.dat,OK
goe435.dat,OK
goe436.dat,OK
goe437.dat,OK
goe438.dat,OK
goe439.dat,OK
goe440.dat,OK
goe441.dat,OK
goe442.dat,OK
goe443.dat,OK
goe444.dat,OK
goe445.dat,OK
goe446.dat,OK
goe447.dat,OK
goe448.dat,OK
goe449.dat,OK
goe450.dat,OK
goe451.dat,OK
goe456.dat,OK
goe457.dat,OK
goe458.dat,OK
goe459.dat,OK
goe460.dat,OK
goe462.dat,OK
goe464.dat,OK
goe474.dat,OK
goe476.dat,OK
goe477.dat,OK
goe478.dat,OK
goe479.dat,OK
goe480.dat,OK
goe481.dat,OK
goe481a.dat,OK
goe482.dat,OK
goe483.dat,OK
goe484.dat,OK
goe488.dat,OK
goe490.dat,OK
goe491.dat,OK
goe492.dat,OK
goe493.dat,OK
goe494.dat,OK
goe495.dat,OK
goe496.dat,OK
goe497.dat,OK
goe498.dat,OK
goe499.dat,OK
goe500.dat,OK
goe501.dat,OK
goe502.dat,OK
goe503.dat,OK
goe504.dat,OK
goe505.dat,OK
goe506.dat,OK
goe507.dat,OK
goe508.dat,OK
goe509.dat,OK
goe510.dat,OK
goe511.dat,OK
goe512.dat,OK
goe513.dat,OK
goe514.dat,OK
goe515.dat,OK
goe517.dat,OK
goe518.dat,OK
goe522.dat,OK
goe523.dat,OK
goe525.dat,OK
goe526.dat,OK
goe527.dat,OK
goe528.dat,OK
goe529.dat,OK
goe530.dat,OK
goe531.dat,OK
goe532.dat,OK
goe533.dat,OK
goe534.dat,OK
goe535.dat,OK
goe54.dat,OK
goe546.dat,OK
goe547.dat,OK
goe548.dat,OK
goe549.dat,OK
goe55.dat,OK
goe550.dat,OK
goe553.dat,OK
goe559.dat,OK
goe561.dat,OK
goe562.dat,OK
goe563.dat,OK
goe564.dat,OK
goe565.dat,OK
goe566.dat,OK
goe567.dat,OK
goe57.dat,OK
goe570.dat,OK
goe571.dat,OK
goe572.dat,OK
goe573.dat,OK
goe574.dat,OK
goe575.dat,OK
goe584.dat,OK
goe585.dat,OK
goe587.dat,OK
goe590.dat,OK
goe591.dat,OK
goe592.dat,OK
goe593.dat,OK
goe595.dat,OK
goe596.dat,OK
goe598.dat,OK
goe599.dat,OK
goe600.dat,OK
goe601.dat,OK
goe602.dat,OK
goe602m.dat,OK
goe604.dat,OK
goe610b.dat,OK
goe610bm.dat,OK
goe611.dat,OK
goe612.dat,OK
goe613.dat,OK
goe614.dat,OK
goe615.dat,OK
goe617.dat,OK
goe619.dat,OK
goe620.dat,OK
goe621.dat,OK
goe622.dat,OK
goe623.dat,OK
goe624.dat,OK
goe625.dat,OK
goe626.dat,OK
goe627.dat,OK
goe628.dat,OK
goe629.dat,OK
goe63.dat,OK
goe630.dat,OK
goe632.dat,OK
goe633.dat,OK
goe645.dat,OK
goe646.dat,OK
goe647.dat,OK
goe648.dat,OK
goe650.dat,OK
goe652.dat,OK
goe654.dat,OK
goe655.dat,OK
goe670.dat,OK
goe673.dat,OK
goe675.dat,OK
goe676.dat,OK
goe677.dat,OK
goe679.dat,OK
goe681.dat,OK
goe682.dat,OK
goe683.dat,OK
goe685.dat,OK
goe692.dat,OK
goe693.dat,OK
goe701.dat,OK
goe702.dat,OK
goe703.dat,OK
goe704.dat,OK
goe711.dat,OK
goe723.dat,OK
goe735.dat,OK
goe738.dat,OK
goe741.dat,OK
goe744.dat,OK
goe746.dat,OK
goe758.dat,OK
goe765.dat,OK
goe766.dat,OK
goe767.dat,OK
goe769.dat,OK
goe770.dat,OK
goe775.dat,OK
goe776.dat,OK
goe777.dat,OK
goe780.dat,OK
goe79.dat,OK
goe795.dat,OK
goe795sm.dat,OK
goe796.dat,OK
goe797.dat,OK
goe798.dat,OK
goe801.dat,OK
goe802.dat,OK
goe802a.dat,OK
goe802b.dat,OK
goe803h.dat,OK
goe804.dat,OK
goe81.dat,OK
goe92.dat,OK
griffith30SymSuction.dat,OK
gs1.dat,OK
gu255118.dat,OK
gw19.dat,OK
gw25.dat,OK
gw27.dat,OK
gw30.dat,OK
gw31.dat,OK
hh02.dat,OK
hobie.dat,OK
hobiesm.dat,OK
hor04.dat,OK
hor07.dat,OK
hor12.dat,OK
hor20.dat,OK
hq010.dat,OK
hq07.dat,OK
hq09.dat,OK
hq1010.dat,OK
hq1012.dat,OK
hq108.dat,OK
hq109.dat,OK
hq1510.dat,OK
hq1511.dat,OK
hq1512.dat,OK
hq158.dat,OK
hq1585.dat,OK
hq159.dat,OK
hq159b.dat,OK
hq17.dat,OK
hq2010.dat,OK
hq2012.dat,OK
hq208.dat,OK
hq209.dat,OK
hq2090sm.dat,OK
hq2195.dat,OK
hq2510.dat,OK
hq2511.dat,OK
hq2512.dat,OK
hq258.dat,OK
hq259.dat,OK
hq2590sm.dat,OK
hq259b.dat,OK
hq300gd2.dat,OK
hq3010.dat,OK
hq3011.dat,OK
hq3012.dat,OK
hq3013.dat,OK
hq3014.dat,OK
hq3015.dat,OK
hq308.dat,OK
hq309.dat,OK
hq3510.dat,OK
hq3512.dat,OK
hq3513.dat,OK
hq3514.dat,OK
hq3518.dat,OK
hq358.dat,OK
hq359.dat,OK
hs1404.dat,OK
hs1430.dat,OK
hs1606.dat,OK
hs1620.dat,OK
hs1708.dat,OK
hs1712.dat,OK
hsnlf213.dat,OK
ht05.dat,OK
ht08.dat,OK
ht12.dat,OK
ht13.dat,OK
ht14.dat,OK
ht21.dat,OK
ht22.dat,OK
ht23.dat,OK
ht33.dat,OK
ht34.dat,OK
ht35.dat,OK
isa571.dat,OK
isa960.dat,OK
isa961.dat,OK
isa962.dat,OK
j5012.dat,OK
jn153.dat,OK
joukowsk.dat,OK
jx-gs-04.dat,OK
jx-gs-06.dat,OK
jx-gs-10.dat,OK
jx-gs-15.dat,OK
k1.dat,OK
k2.dat,OK
k3.dat,OK
k3311.dat,OK
k3311sm.dat,OK
kc135a.dat,OK
kc135b.dat,OK
kc135c.dat,OK
kc135d.dat,OK
kc135winglet.dat,OK
kenmar.dat,OK
l1003.dat,OK
l188root.dat,OK
l188tip.dat,OK
l7769.dat,OK
la203a.dat,OK
la2573a.dat,OK
la5055.dat,OK
lds2.dat,OK
lg10sc.dat,OK
lnv109a.dat,OK
lrn1007.dat,OK
lrn1015.dat,OK
ls013.dat,OK
ls413.dat,OK
ls413mod.dat,OK
ls417.dat,OK
ls417mod.dat,OK
ls421.dat,OK
ls421mod.dat,OK
lwk79100.dat,OK
lwk80080.dat,OK
lwk80100.dat,OK
lwk80120k25.dat,OK
lwk80150k25.dat,OK
m1.dat,OK
m10.dat,OK
m11.dat,OK
m12.dat,OK
m13.dat,OK
m14.dat,OK
m15.dat,OK
m16.dat,OK
m17.dat,OK
m18.dat,OK
m19.dat,OK
m2.dat,OK
m20.dat,OK
m21.dat,OK
m22.dat,OK
m23.dat,OK
m24.dat,OK
m25.dat,OK
m26.dat,OK
m27.dat,OK
m3.dat,OK
m4.dat,OK
m5.dat,OK
m6.dat,OK
m665.dat,OK
m685.dat,OK
m7.dat,OK
ma409.dat,OK
ma409sm.dat,OK
marsden.dat,OK
marske1.dat,OK
marske2.dat,OK
marske3.dat,OK
marske4.dat,OK
marske5.dat,OK
marske7.dat,OK
mb253515sm.dat,OK
mh102.dat,OK
mh104.dat,OK
mh106.dat,OK
mh108.dat,OK
mh110.dat,OK
mh112.dat,OK
mh113.dat,OK
mh114.dat,OK
mh115.dat,OK
mh116.dat,OK
mh117.dat,OK
mh120.dat,OK
mh121.dat,OK
mh122.dat,OK
mh126.dat,OK
mh150.dat,OK
mh18.dat,OK
mh20.dat,OK
mh200.dat,OK
mh201.dat,OK
mh22.dat,OK
mh23.dat,OK
mh24.dat,OK
mh25.dat,OK
mh26.dat,OK
mh27.dat,OK
mh30.dat,OK
mh32.dat,OK
mh33.dat,OK
mh38.dat,OK
mh42.dat,OK
mh43.dat,OK
mh44.dat,OK
mh45.dat,OK
mh46.dat,OK
mh60.dat,OK
mh61.dat,OK
mh62.dat,OK
mh64.dat,OK
mh70.dat,OK
mh78.dat,OK
mh80.dat,OK
mh81.dat,OK
mh82.dat,OK
mh83.dat,OK
mh84.dat,OK
mh91.dat,OK
mh92.dat,OK
mh93.dat,OK
mh94.dat,OK
mh95.dat,OK
miley.dat,OK
mrc-16.dat,OK
mrc-20.dat,OK
mrc12.dat,OK
mrc15.dat,OK
mrc16-85.dat,OK
mrc16-95.dat,OK
mrc20-700.dat,OK
mrc20-846.dat,OK
ms313.dat,OK
ms317.dat,OK
mue139.dat,OK
n0009sm.dat,OK
n0011sc.dat,OK
n0012.dat,OK
n10.dat,OK
n11.dat,OK
n11h9.dat,OK
n12.dat,OK
n13.dat,OK
n14.dat,OK
n1h15.dat,OK
n22.dat,OK
n24.dat,OK
n2414.dat,OK
n2415.dat,OK
n2h15.dat,OK
n5h10.dat,OK
n5h15.dat,OK
n5h20.dat,OK
n63010a.dat,OK
n63012a.dat,OK
n63015a.dat,OK
n63210.dat,OK
n63212.dat,OK
n63215.dat,OK
n63215b.dat,OK
n63412.dat,OK
n63415.dat,OK
n64008a.dat,OK
n64012.dat,OK
n64012a.dat,OK
n64015.dat,OK
n64015a.dat,OK
n6409.dat,OK
n64108.dat,OK
n64110.dat,OK
n64212.dat,OK
n64212ma.dat,OK
n64212mb.dat,OK
n64215.dat,OK
n642415.dat,OK
n66021.dat,OK
n6h10.dat,OK
n6h15.dat,OK
n6h20.dat,OK
n8h12.dat,OK
n9.dat,OK
naca0006.dat,OK
naca0008.dat,OK
naca000834.dat,OK
naca0010.dat,OK
naca001034.dat,OK
naca001035.dat,OK
naca001064.dat,OK
naca001065.dat,OK
naca001066.dat,OK
naca001234.dat,OK
naca001264.dat,OK
naca0015.dat,OK
naca0018.dat,OK
naca0021.dat,OK
naca0024.dat,OK
naca1.dat,OK
naca1408.dat,OK
naca1410.dat,OK
naca1412.dat,OK
naca16006.dat,OK
naca16009.dat,OK
naca16012.dat,OK
naca16015.dat,OK
naca16018.dat,OK
naca16021.dat,OK
naca23012.dat,OK
naca23015.dat,OK
naca23018.dat,OK
naca23021.dat,OK
naca23024.dat,OK
naca2408.dat,OK
naca2410.dat,OK
naca2411.dat,OK
naca2412.dat,OK
naca2415.dat,OK
naca2418.dat,OK
naca2421.dat,OK
naca2424.dat,OK
naca4412.dat,OK
naca4415.dat,OK
naca4418.dat,OK
naca4421.dat,OK
naca4424.dat,OK
naca63206.dat,OK
naca63209.dat,OK
naca632615.dat,OK
naca632a015.dat,OK
naca633018.dat,OK
naca633218.dat,OK
naca633418.dat,OK
naca633618.dat,OK
naca634221.dat,OK
naca634421.dat,OK
naca63a210.dat,OK
naca641112.dat,OK
naca6412.dat,OK
naca64206.dat,OK
naca64208.dat,OK
naca64209.dat,OK
naca64210.dat,OK
naca642215.dat,OK
naca642415.dat,OK
naca643218.dat,OK
naca643418.dat,OK
naca643618.dat,OK
naca644221.dat,OK
naca644421.dat,OK
naca64a010.dat,OK
naca64a210.dat,OK
naca64a410.dat,OK
naca651212.dat,OK
naca651212a06.dat,OK
naca651412.dat,OK
naca65206.dat,OK
naca65209.dat,OK
naca65210.dat,OK
naca652215.dat,OK
naca652415.dat,OK
naca652415a05.dat,OK
naca653218.dat,OK
naca653618.dat,OK
naca65410.dat,OK
naca654221.dat,OK
naca654421.dat,OK
naca654421a05.dat,OK
naca66-018.dat,OK
naca661212.dat,OK
naca66206.dat,OK
naca66209.dat,OK
naca66210.dat,OK
naca662215.dat,OK
naca662415.dat,OK
naca663218.dat,OK
naca663418.dat,OK
naca664221.dat,OK
naca671215.dat,OK
naca747a315.dat,OK
naca747a415.dat,OK
nacacyh.dat,OK
nacam12.dat,OK
nacam18.dat,OK
nacam2.dat,OK
nacam3.dat,OK
nacam6.dat,OK
nasasc2-0714.dat,OK
ncambre.dat,OK
nl722343.dat,OK
nl722362.dat,OK
nlf0115.dat,OK
nlf0215f.dat,OK
nlf1015.dat,OK
nlf414f.dat,OK
nlf415.dat,OK
nlf416.dat,OK
nlr1t.dat,OK
nlr7301.dat,OK
nn7mk20.dat,OK
npl9510.dat,OK
npl9615.dat,OK
npl9626.dat,OK
npl9627.dat,OK
npl9660.dat,OK
nplx.dat,OK
oa206.dat,OK
oa209.dat,OK
oa212.dat,OK
oa213.dat,OK
oaf095.dat,OK
oaf102.dat,OK
oaf117.dat,OK
oaf128.dat,OK
oaf139.dat,OK
p51droot.dat,OK
p51dtip.dat,OK
p51hroot.dat,OK
p51htip.dat,OK
pfcm.dat,OK
pmc19sm.dat,OK
psu-90-125wl.dat,OK
psu94097.dat,OK
pt40.dat,OK
r1046.dat,OK
r1080.dat,OK
r1082.dat,OK
r1082t.dat,OK
r1145ms.dat,OK
r1145msf.dat,OK
r1145msm.dat,OK
r140.dat,OK
r140sm.dat,OK
rae100.dat,OK
rae101.dat,OK
rae102.dat,OK
rae103.dat,OK
rae104.dat,OK
rae2822.dat,OK
rae5212.dat,OK
rae5213.dat,OK
rae5214.dat,OK
rae5215.dat,OK
rae69ck.dat,OK
raf15.dat,OK
raf19.dat,OK
raf25.dat,OK
raf26.dat,OK
raf27.dat,OK
raf28.dat,OK
raf30.dat,OK
raf30md.dat,OK
raf31.dat,OK
raf32.dat,OK
raf32md.dat,OK
raf33.dat,OK
raf34.dat,OK
raf38.dat,OK
raf48.dat,OK
raf6.dat,OK
raf69.dat,OK
raf89.dat,OK
rc0864c.dat,OK
rc08b3.dat,OK
rc08n1.dat,OK
rc1064c.dat,OK
rc10b3.dat,OK
rc10n1.dat,OK
rc1264c.dat,OK
rc12b3.dat,OK
rc12n1.dat,OK
rc410.dat,OK
rc510.dat,OK
rcsc2.dat,OK
rg12.dat,OK
rg12a.dat,OK
rg12a189.dat,OK
rg14.dat,OK
rg1410.dat,OK
rg149.dat,OK
rg1495.dat,OK
rg14a147.dat,OK
rg15.dat,OK
rg15a111.dat,OK
rg15a213.dat,OK
rg8.dat,OK
rhodesg30.dat,OK
rhodesg32.dat,OK
rhodesg34.dat,OK
rhodesg36.dat,OK
s1010.dat,OK
s1012.dat,OK
s1014.dat,OK
s1016.dat,OK
s1020.dat,OK
s102b.dat,OK
s102s.dat,OK
s1046.dat,OK
s1048.dat,OK
s1091.dat,OK
s1210.dat,OK
s1221.dat,OK
s1223.dat,OK
s1223rtl.dat,OK
s2027.dat,OK
s2046.dat,OK
s2048.dat,OK
s2050.dat,OK
s2055.dat,OK
s2060.dat,OK
s2062.dat,OK
s2091.dat,OK
s3.dat,OK
s3002.dat,OK
s3010.dat,OK
s3014.dat,OK
s3016.dat,OK
s3021.dat,OK
s3024.dat,OK
s3025.dat,OK
s4022.dat,OK
s4053.dat,OK
s4061.dat,OK
s4062.dat,OK
s4083.dat,OK
s4094.dat,OK
s4095.dat,OK
s4096.dat,OK
s4110.dat,OK
s4158.dat,OK
s4180.dat,OK
s4233.dat,OK
s4310.dat,OK
s4320.dat,OK
s5010.dat,OK
s5020.dat,OK
s5041.dat,OK
s6061.dat,OK
s6062.dat,OK
s6063.dat,OK
s7012.dat,OK
s7055.dat,OK
s7075.dat,OK
s8023.dat,OK
s8025.dat,OK
s8035.dat,OK
s8036.dat,OK
s8037.dat,OK
s8038.dat,OK
s8052.dat,OK
s8055.dat,OK
s8064.dat,OK
s8065.dat,OK
s8066.dat,OK
s9000.dat,OK
s9026.dat,OK
s9027.dat,OK
s9032.dat,OK
s9033.dat,OK
s9037.dat,OK
s9104.dat,OK
s9104BTE.dat,OK
sa7024.dat,OK
sa7025.dat,OK
sa7026.dat,OK
sa7035.dat,OK
sa7036.dat,OK
sa7038.dat,OK
saratov.dat,OK
sc1012r8.dat,OK
sc1094r8.dat,OK
sc1095.dat,OK
sc1095r8.dat,OK
sc20010.dat,OK
sc20012.dat,OK
sc20402.dat,OK
sc20403.dat,OK
sc20404.dat,OK
sc20406.dat,OK
sc20410.dat,OK
sc20412.dat,OK
sc20414.dat,OK
sc20503.dat,OK
sc20518.dat,OK
sc20606.dat,OK
sc20610.dat,OK
sc20612.dat,OK
sc20614.dat,OK
sc20706.dat,OK
sc20710.dat,OK
sc20712.dat,OK
sc20714.dat,OK
sc21006.dat,OK
sc21010.dat,OK
sc2110.dat,OK
sd2030.dat,OK
sd2083.dat,OK
sd5060.dat,OK
sd6060.dat,OK
sd6080.dat,OK
sd7003.dat,OK
sd7032.dat,OK
sd7034.dat,OK
sd7037.dat,OK
sd7043.dat,OK
sd7062.dat,OK
sd7080.dat,OK
sd7084.dat,OK
sd7090.dat,OK
sd8000.dat,OK
sd8020.dat,OK
sd8040.dat,OK
sg6040.dat,OK
sg6041.dat,OK
sg6042.dat,OK
sg6043.dat,OK
sg6050.dat,OK
sg6051.dat,OK
sm701.dat,OK
sokolov.dat,OK
spicasm.dat,OK
sr5s-sm.dat,OK
sr5s.dat,OK
ssca07.dat,OK
ssca09.dat,OK
stcyr171.dat,OK
stcyr172.dat,OK
stcyr234.dat,OK
stcyr24.dat,OK
ste87151.dat,OK
ste87391.dat,OK
stf86361.dat,OK
strand.dat,OK
supermarine371i.dat,OK
supermarine371ii.dat,OK
tempest1.dat,OK
tempest2.dat,OK
tempest3.dat,OK
th25816.dat,OK
trainer60.dat,OK
tsagi12.dat,OK
tsagi8.dat,OK
tsagi_r3a.dat,OK
ua2-180.dat,OK
ua2-180sm.dat,OK
ua79sf18.dat,OK
ua79sff.dat,OK
ua79sfm.dat,OK
uag8814320.dat,OK
ui1720.dat,OK
ultimate.dat,OK
us1000root.dat,OK
usa22.dat,OK
usa25.dat,OK
usa26.dat,OK
usa27.dat,OK
usa27m2.dat,OK
usa28.dat,OK
usa29.dat,OK
usa31.dat,OK
usa32.dat,OK
usa33.dat,OK
usa34.dat,OK
usa35.dat,OK
usa35a.dat,OK
usa35b.dat,OK
usa40.dat,OK
usa40b.dat,OK
usa41.dat,OK
usa45.dat,OK
usa45m.dat,OK
usa46.dat,OK
usa48.dat,OK
usa49.dat,OK
usa5.dat,OK
usa50.dat,OK
usa51.dat,OK
usa98.dat,OK
usnps4.dat,OK
v13006.dat,OK
v13009.dat,OK
v23010.dat,OK
v43012.dat,OK
v43015.dat,OK
vr1.dat,OK
vr11x.dat,OK
vr12.dat,OK
vr13.dat,OK
vr14.dat,OK
vr15.dat,OK
vr5.dat,OK
vr7.dat,OK
vr7b.dat,OK
vr8.dat,OK
vr8b.dat,OK
vr9.dat,OK
w1011.dat,OK
w1015.dat,OK
waspsm.dat,OK
wb13535sm.dat,OK
wb140.dat,OK
whitcomb.dat,OK
ys900.dat,OK
ys915.dat,OK
ys920.dat,OK
ys930.dat,OK
